city,state
Abhepur,Punjab
Agaram,Tamil Nadu
Agra,Uttar Pradesh
Ahmedabad,Gujarat
Akola,Uttar Pradesh
Alleppey,Kerala
Alwal,Telangana
Amarnath,Maharashtra
Ambapuram,Andhra Pradesh
Ambattur,Tamil Nadu
Amritsar,Punjab
Andauli,Bihar
Anghad,Gujarat
Arrah,Bihar
Asansol,West Bengal
Attadappa,Kerala
Aurangabad,Maharashtra
Avadi,Tamil Nadu
Ayirurpara,Kerala
Ayodhyapattanam,Tamil Nadu
Babura,Bihar
Bagalur,Karnataka
Bagnan,West Bengal
Baharampur,West Bengal
Bahlolpur,Chandigarh
Baj Baj,West Bengal
Bakhtawarpur,Delhi
Balasore,Odisha
Ballalpur,West Bengal
Bandlaguda,Telangana
Bangalore,Karnataka
Baniara,West Bengal
Bansbaria,West Bengal
Barakpur,West Bengal
Baripada,Odisha
Barmhan Kalan,Madhya Pradesh
Bartala,West Bengal
Baruni,Bihar
Basavanhalli,Karnataka
Bayandhalli,Karnataka
Begampur,West Bengal
Begusarai,Bihar
Belahi,Bihar
Bendravadi,Karnataka
Berkap,Bihar
Bhabat,Punjab
Bhagwanpur,Bihar
Bhagwatpur Patera,Bihar
Bhainsaha,Bihar
Bhalswa Jahangirpur,Delhi
Bhatpara,West Bengal
Bhawanipur,Bihar
Bhayandar,Maharashtra
Bhopal,Madhya Pradesh
Bhubaneshwar,Odisha
Bommayapalaiyam,Tamil Nadu
Brahmapur,Odisha
Brajarajnagar,Odisha
Cachohalli,Karnataka
Chandannagar,West Bengal
Chandigarh,Chandigarh
Chanditala,West Bengal
Chapra,Bihar
Chennai,Tamil Nadu
Cherakara,Kerala
Chhabila,Bihar
Chinnanur,Tamil Nadu
Chunchura,West Bengal
Coimbatore,Tamil Nadu
Dahaur,Bihar
Dalsingh Sarai,Bihar
Dalupura,Delhi
Dam Dam,West Bengal
Daman,Dadra and Nagar Haveli and Daman and Diu
Darbhanga,Bihar
Daryapur Kalan,Delhi
Dehri,Bihar
Delhi,Delhi
Delhi Cantonment,Delhi
Desri,Bihar
Deuriya,Bihar
Dhanas,Chandigarh
Dhanbad,Jharkhand
Dharampur,Haryana
Dhulian,West Bengal
Dhurali,Punjab
Dialpura,Punjab
Diamond Harbour,West Bengal
Dignagar,West Bengal
Dinapore,Bihar
Dispur,Assam
Doddajivanhalli,Karnataka
Dumjor,West Bengal
Dumra,Bihar
Dundigal,Telangana
Edappalli,Kerala
Edavanakad,Kerala
Elangunnapuzha,Kerala
Faridabad,Haryana
Gagilapur,Telangana
Gangauli,Bihar
Garhpura,Bihar
Gaya,Bihar
Ghaziabad,Uttar Pradesh
Giddha,Bihar
Gobardhanpur,Bihar
Gorakhpur,Chhattisgarh
Gorwa,Gujarat
Gumanwala,Uttarakhand
Gundur,Tamil Nadu
Guntur,Andhra Pradesh
Gurgaon,Haryana
Guwahati,Assam
Gwalior,Madhya Pradesh
Hajipur,Bihar
Haora,West Bengal
Harbatpur,Uttarakhand
Hariladih,Jharkhand
Hasanpur,Bihar
Hesarghatta,Karnataka
Hilora,West Bengal
Himayatsagar,Telangana
Hugli,West Bengal
Huttanhalli,Karnataka
Hyderabad,Telangana
Imamnagar,West Bengal
Imphal,Manipur
Indore,Madhya Pradesh
Ittikara,Kerala
Jabalpur,Madhya Pradesh
Jaipur,Rajasthan
Jajigram,West Bengal
Jaladipur,West Bengal
Jamalpur,Bihar
Jamira,Bihar
Jamshedpur,Jharkhand
Jodhpur,Rajasthan
Jogta,Bihar
Jotsema,Nagaland
Kadabgeri,Karnataka
Kadiganahalli,Karnataka
Kair,Delhi
Kakinada,Andhra Pradesh
Kalamasseri,Kerala
Kalianpur,Uttar Pradesh
Kalleli,Kerala
Kalyan,Maharashtra
Kamalwaganja Gaur,Uttarakhand
Kamarhati,West Bengal
Kambarasampettai,Tamil Nadu
Kampel,Madhya Pradesh
Kandakkadava,Kerala
Kanke,Jharkhand
Kannankulam,Kerala
Kanpur,Uttar Pradesh
Kantai,Bihar
Kasgatpur,Karnataka
Kasiam,Bihar
Katar,Bihar
Katihar,Bihar
Kendraparha,Odisha
Keshopur,Bihar
Khagaul,Bihar
Khanpur,Bihar
Kharagpur,West Bengal
Khardah,West Bengal
Khizrpur,Punjab
Khusropur,Bihar
Kismatpur,Telangana
Kitanelli,Karnataka
Kochi,Kerala
Kodagihalli,Karnataka
Koelwar,Bihar
Kola,West Bengal
Kolapakkam,Tamil Nadu
Kolkata,West Bengal
Kondaparti,Telangana
Kota,Rajasthan
Kottarassheri,Kerala
Krishnanagar,West Bengal
Kullampatti,Tamil Nadu
Kulti,West Bengal
Kumbalam,Kerala
Kuttambakkam,Tamil Nadu
Lakhnaur,Bihar
Loni,Uttar Pradesh
Lucknow,Uttar Pradesh
Ludhiana,Punjab
Madangir,Delhi
Madanpur,Uttarakhand
Madappalli,Kerala
Madarpur,Bihar
Madavar,Karnataka
Madnaikanhalli,Karnataka
Madurai,Tamil Nadu
Mahadipur,West Bengal
Maharajgani,Bihar
Mahuakheraganj,Uttarakhand
Mailanhalli,Karnataka
Malkajgiri,Telangana
Mamidipalli,Telangana
Mamnoli,Maharashtra
Manappakkam,Tamil Nadu
Manauli,Punjab
Manchirevula,Telangana
Mandoli,Delhi
Mannanchori,Kerala
Mannara,Kerala
Mannivakkam,Tamil Nadu
Masar,Bihar
Mauli,Punjab
Mayyanad,Kerala
Meerut,Uttar Pradesh
Mevalurkuppam,Tamil Nadu
Mogalcherla,Telangana
Mota Mazra,Punjab
Mugalivakkam,Tamil Nadu
Mulampilli,Kerala
Mumbai,Maharashtra
Munro Turuttu,Kerala
Muria,Bihar
Murtazabad,Uttar Pradesh
Muzaffarpur,Bihar
Nadampalaiyam,Tamil Nadu
Nagla,Uttarakhand
Nagpur,Maharashtra
Najafgarh,Delhi
Nangloi Jat,Delhi
Nanmangalam,Tamil Nadu
Nao Kothi,Bihar
Narela,Delhi
Narpatnagar,Bihar
Nasik,Maharashtra
Nasriganj,Bihar
Nedumadurai,Tamil Nadu
Nerkunram,Tamil Nadu
New Delhi,Delhi
Neykkarappatti,Tamil Nadu
Nipania,Bihar
Nirkunnam,Kerala
Oruvadalkotta,Kerala
Oulgaret,Tamil Nadu
Pachrukhi,Bihar
Pahleza,Bihar
Pakkam,Tamil Nadu
Palasgachi,West Bengal
Palavedu,Tamil Nadu
Pallappatti,Tamil Nadu
Pallavaram,Tamil Nadu
Palliman,Kerala
Pallippatti,Tamil Nadu
Pampur,Jammu and Kashmir
Panaiyur,Tamil Nadu
Panamarattuppatti,Tamil Nadu
Panchla,West Bengal
Panihati,West Bengal
Parappatti,Tamil Nadu
Patacudapah,Andhra Pradesh
Patapadu,Andhra Pradesh
Patna,Bihar
Peringuzha,Kerala
Permi,Madhya Pradesh
Perumbakkam,Tamil Nadu
Perumbalam,Kerala
Perunad,Kerala
Perunturuttu,Kerala
Peyanvilai,Tamil Nadu
Pimpri-Chinchwad,Maharashtra
Pipalda,Madhya Pradesh
Pithauria,Jharkhand
Poonamallee,Tamil Nadu
Prayagraj,Uttar Pradesh
Puducherry,Puducherry
Pujali,West Bengal
Pune,Maharashtra
Puri,Odisha
Putlampalle,Andhra Pradesh
Quilon,Kerala
Raghunandanpur,West Bengal
Raipur,Chhattisgarh
Raja Pakar,Bihar
Rajahmundry,Andhra Pradesh
Rajkot,Gujarat
Ranchi,Jharkhand
Ranipur,West Bengal
Raurkela,Odisha
Saharanpur,Uttar Pradesh
Sahdai Buzurg,Bihar
Sahibpur Kamal,Bihar
Sakhara,Bihar
Salem,Tamil Nadu
Salt Lake City,West Bengal
Sankrail,West Bengal
Saundhonwali,Uttarakhand
Secunderabad,Telangana
Shillong,Meghalaya
Shimla,Himachal Pradesh
Shivni,Madhya Pradesh
Shrirampur,West Bengal
Sikdarpur,West Bengal
Singhaul,Bihar
Sitamarhi,Bihar
Sitanagaram,Andhra Pradesh
Siuri,West Bengal
Sohana,Punjab
Solankuruni,Tamil Nadu
Sondekoppa,Karnataka
Sonnappanhalli,Karnataka
Sotur,Jammu and Kashmir
Srinagar,Jammu and Kashmir
Suara,Bihar
Sukkainpatti,Tamil Nadu
Sultanpur Mazra,Delhi
Surappattu,Tamil Nadu
Surat,Gujarat
Sursi,Gujarat
Takkolu,Andhra Pradesh
Tambaram,Tamil Nadu
Tamluk,West Bengal
Tendua Dusadhi,Bihar
Thane,Maharashtra
Thiruvananthapuram,Kerala
Tildanga,West Bengal
Tillor Khurd,Madhya Pradesh
Tippampatti,Tamil Nadu
Tirupparangunram,Tamil Nadu
Tiruvottiyur,Tamil Nadu
Titagarh,West Bengal
Togan,Chandigarh
Tonakkal,Kerala
Trichinopoly,Tamil Nadu
Tripunittura,Kerala
Ulao,Bihar
Ulhasnagar,Maharashtra
Usmanpur,Jharkhand
Vadodara,Gujarat
Vajarhalli,Karnataka
Valaiyankulam,Tamil Nadu
Valasaiyur,Tamil Nadu
Valavakattumula,Kerala
Vandalur,Tamil Nadu
Varanasi,Uttar Pradesh
Vasai-Virar,Maharashtra
Vayakkalattu,Kerala
Vellanur,Tamil Nadu
Vijayavada,Andhra Pradesh
Virapandi,Tamil Nadu
Vishakhapatnam,Andhra Pradesh
Vypin,Kerala
Wapi,Gujarat
Warangal,Telangana
Wattinagulapalli,Telangana
Yelahanka,Karnataka
